Cooling load (Kwh),Heating load (Kwh)
0,289.8560682
106.1409424,342.8772204
10.67928518,379.1189331
121.018418,425.8660768
0,472.8590201
96.81859329,514.4027502
13.67986361,543.1596753
0,570.1053564
167.0901695,560.9725661
160.5586836,457.5243639
170.1374296,462.5209708
216.437746,463.5270643
302.760145,437.6057098
352.3866163,431.8135342
206.6064751,453.301869
265.3430743,436.7645868
248.2589974,415.4387883
229.1098817,429.4491854
206.3004033,380.779884
202.3666078,371.9897414
180.3944706,357.978418
189.6166342,361.1434578
46.25045214,377.8095196
81.73088517,326.1810406
36.14697466,345.5209119
84.19921484,366.613683
21.9681319,374.4700885
85.91406965,368.1724907
0,399.0397007
83.10930256,373.5172076
0,413.2517722
127.4671396,462.0772439
82.87968296,536.1368217
193.756674,521.277393
249.4496826,514.5897808
286.5793867,441.3166877
201.784548,399.1155026
240.8745824,353.5513763
230.9317979,325.8022301
273.9010412,299.5562085
251.1141171,292.3589254
202.4092487,327.9434435
192.0269783,262.6894168
138.0398542,248.1998842
123.2612982,261.7088361
142.7352775,271.195628
55.25649276,281.5201109
95.22212733,306.2446968
71.89427706,343.2079934
74.55037954,369.497461
88.60604882,369.8573739
17.21434383,368.416026
25.91086445,399.8105971
0,375.5189893
36.5741061,404.8622885
109.7642398,439.835723
141.3603008,496.8826221
92.53049351,478.127787
133.5998635,493.2566683
248.2781926,489.9042401
243.5274195,421.4877414
227.4930405,394.6556742
215.9795157,385.2705737
186.5609529,338.2410475
200.6532033,357.2587361
205.2205426,348.7512699
210.290416,292.7454888
168.8003087,256.596424
89.46371088,267.7499086
159.2409782,280.7573112
113.1141213,303.8367013
77.06532268,328.1317862
55.75921149,331.9222618
161.8659931,345.2918265
70.97847567,357.2877577
157.9532454,386.4903037
32.49740255,435.7116005
106.8436025,444.1480735
26.44782013,510.2520974
175.8216938,499.0489638
168.6653882,464.5613625
276.7343352,426.2822288
184.9419954,412.60238
198.8373091,290.1808212
166.9164822,293.2538595
251.0335735,234.5371817
229.5744713,172.6398272
204.2359831,250.7981778
253.7241604,244.6720623
203.6692497,249.5277252
173.4636334,226.9255185
78.08137648,263.2517203
83.35627899,234.7480463
140.9399282,246.9621332
76.8640361,217.3522319
170.8940223,174.2042125
22.70457857,182.6080598
87.4672952,218.4654511
68.48337633,254.9213978
0,331.4803706
0,353.8238908
0,378.4311513
0,370.0758739
58.44692647,383.5112538
0,388.2924287
21.36624389,349.2603617
61.45565617,346.9180088
155.1995972,332.9324934
157.4290941,290.7365561
40.66096578,279.9770521
82.32045037,277.1901535
97.52265752,254.3450364
102.1466129,265.1550198
146.3681832,308.5253644
126.4398916,304.1696208
30.93422244,337.5553096
58.8042391,332.8442864
0,355.0280234
38.04877374,378.9665401
0,322.0104082
136.1255206,290.8535857
173.2412011,305.499275
97.75621374,268.506597
78.80336384,317.4091182
130.0167651,491.2380816
46.67615952,484.6407631
159.4251921,506.8258562
143.228179,454.0699226
177.6277297,455.9919415
267.6390499,471.690323
296.0159737,400.361214
293.8464741,341.5702394
323.5045572,296.8407778
438.8857148,268.9576533
408.8385421,244.5460369
389.2508616,251.4498167
386.9961425,252.2483687
367.1804777,291.795827
347.5762576,276.0844766
299.4612688,290.3508743
273.7955662,283.7778612
244.0668555,282.3615284
211.9347302,315.6435278
152.783969,202.221277
55.75980961,242.2490331
220.3286497,337.9422317
203.5126845,261.0323391
158.5243841,325.085387
177.9556329,376.5955759
200.8372718,402.4546821
213.7780462,431.037495
220.4866357,429.3620924
273.5796126,441.9811194
343.325626,392.5627511
329.939776,372.4546246
293.770791,312.438761
306.2153385,285.1372747
284.4060283,273.6172157
350.2085017,237.9214912
342.0620382,241.4557461
344.2377747,243.7295408
363.6984969,300.1096828
320.4642838,292.8183322
295.9024417,286.5297792
217.1738643,279.9299378
169.5067527,288.336445
136.8510502,292.2386759
130.0669324,248.777977
53.27309096,255.9865291
199.7298927,270.616651
219.4073642,272.2777044
207.5685319,365.8154653
182.2275358,426.8379463
172.5526238,400.2442842
191.4279884,435.2552388
198.8968104,403.4954134
220.3526901,443.884411
271.4142166,362.8768185
290.6797058,389.9645698
342.304745,343.7964021
300.9478281,300.3229555
286.0998646,273.8016306
357.2215826,253.2249173
313.7303218,245.0603268
325.4882357,270.666219
337.7591521,293.8746346
304.7480199,272.2028379
258.0331992,277.7715356
189.0423075,275.6810394
195.3462788,299.0285122
149.1375333,296.7853116
66.31818946,249.0727772
144.3272296,268.6924433
222.5516551,318.9668094
241.5128611,296.8590846
216.5500945,312.7863413
192.8884987,313.8977737
179.1612106,338.0762402
220.534986,345.8599648
208.2875178,396.9064806
287.1463774,469.1195581
267.178702,394.1932266
218.346417,422.3109787
359.6354628,383.6670293
323.4497834,334.6334088
321.7255582,304.796481
371.0649549,313.3321546
357.089639,294.945008
342.2024418,304.3986936
341.8002104,344.5529164
276.4676642,286.2040395
235.749205,262.2871313
219.2874625,317.6348292
159.0546964,293.894154
186.0467892,318.1787327
163.7591421,319.7353356
64.70345671,346.1199102
158.4405499,355.0352683
144.1013115,349.6335458
75.35079933,340.5735452
171.9668801,345.4953369
33.89233145,359.7456086
166.3313793,399.1313602
180.614315,442.1432331
153.3233821,505.7333089
80.61355892,439.8584809
281.1731509,403.1301955
300.2297364,435.0429898
312.9370495,358.5039105
305.3049458,335.7334816
340.4983597,333.1899431
323.5718438,323.3415645
293.1533649,320.6070597
348.0149989,371.8967795
311.4182939,320.4230688
258.240324,289.4595331
216.9025258,306.2821785
174.5266664,348.4177081
222.6971726,344.2516492
159.8070089,370.4148993
232.8713534,386.0239401
141.0066278,390.798136
245.7416605,376.832612
177.7316343,387.0606364
146.2051261,439.8682594
137.4507209,484.7215127
188.2509719,459.5858444
248.2205294,587.2541376
330.0519502,594.4678223
280.3805364,494.4029638
242.744506,460.3944415
216.3710452,432.7543452
299.2740825,382.4307599
261.9414914,362.556793
291.3412953,348.6764092
318.0284523,339.1433534
301.8459887,383.7470957
316.2962928,382.6515554
325.7265244,337.0272506
274.6611251,366.2798278
108.5610475,339.2970095
113.72083,342.1146356
278.3298062,354.6143259
192.2286646,286.2940695
164.2338807,321.8695959
206.2166394,364.8280249
162.503344,387.0965522
172.8920299,385.2665152
160.9585225,453.150689
168.3236643,465.1059965
186.1805849,417.065862
226.1716725,507.3953151
264.6479441,505.1218681
318.8735897,440.2932579
259.6917221,431.8880848
250.115833,423.5988134
306.2108398,381.0861447
306.2589682,345.8279502
316.3493667,309.8868977
322.6907747,290.7688122
361.491149,315.1008909
336.8117311,347.3459847
320.4408656,334.362617
256.4298395,326.6737809
196.7536885,339.2283686
205.3327458,346.2247927
183.714822,339.3234826
33.53807737,300.3901225
95.0785488,310.2941312
224.7136302,322.738559
180.4038576,318.5359832
214.5660932,359.1423858
141.1024563,383.6732381
190.498178,394.2788212
236.7419925,430.6704346
263.0387154,407.5658764
256.5501454,417.79203
250.0733871,304.22519
300.6750846,317.949066
298.090721,260.0497428
290.9919681,247.4728311
358.5063778,213.4328585
338.1918561,251.8956806
374.5300823,280.4534582
363.1913754,311.2651499
331.6731976,256.6549299
297.94667,229.3042305
303.292139,245.9167327
253.7316575,243.9994687
198.7906494,242.9567709
207.9439409,257.1899151
42.5953139,219.9999693
43.47191987,233.5732282
128.1550476,276.6029763
146.5293904,273.9890376
240.5042206,344.3592389
211.2093603,383.9448936
216.5035871,406.8263417
241.4447556,431.7807612
230.3332053,465.0142787
293.8081881,492.9175186
235.0228596,256.5168232
162.8479787,347.4725978
290.6730061,260.1142966
307.8197477,245.1726822
317.0398829,250.3593224
312.9522,243.9791091
306.3568264,247.5991682
335.3945765,236.6631203
291.9899677,264.5199233
286.8137989,273.8935682
221.4093087,263.9812985
200.9236589,270.7592966
164.2381821,265.5491389
136.2901814,492.0667729
146.2599224,287.4164732
137.7133379,292.684298
97.94574428,339.1267276
161.8957689,334.3016601
147.9222637,375.9775945
192.432952,412.9259408
135.5084561,441.5840759
143.564786,494.0559956
131.5598766,490.2131571
66.37354584,504.3937284
98.62879509,377.4935613
163.4629507,360.7524162
143.9204241,338.1045854
232.9225108,246.4583218
282.5463915,240.2278424
226.9187346,250.5881904
215.9052473,228.2003542
206.2257178,229.9371494
92.89370594,200.0469098
152.3755542,260.8153215
142.8286596,247.4691307
12.85267804,250.9967213
34.02909776,281.728075
104.4792714,300.6665812
0,244.4386957
17.36709862,253.9429583
49.6314871,248.6615959
0,249.1039937
0,272.9051713
94.00623895,262.5449096
0,278.2259235
39.86095079,305.8809426
93.22217549,321.6282159
23.15506838,417.3965868
73.73157099,368.552194
131.2563176,363.5289388
266.1720128,327.2177664
312.7990399,256.1278209
324.0566199,223.3064531
253.2315727,222.3476436
215.3039596,193.9390324
264.3174077,225.5564398
178.9497708,254.6774467
201.757449,217.2818133
204.394217,221.0401882
174.2326966,223.111888
115.2638744,251.9611237
83.21798901,249.2199857
103.7865706,253.9392241
143.6311389,279.5069631
77.38103113,277.493003
112.9716701,278.6478456
22.02706207,289.4873269
82.09770473,317.5846951
0,309.0238015
99.10941612,321.4909695
57.56811698,353.2431911
195.090471,441.9898871
246.779923,411.1128904
270.23349,408.4498588
290.8747983,348.0615401
185.8221579,242.1259521
219.3389987,225.4139523
186.2504601,252.071913
213.8798605,221.6705137
218.1510971,218.8147444
255.5949022,231.1017986
218.0984606,189.5752458
179.5206017,154.9877142
191.0081884,156.0109995
135.4261552,160.9439682
231.485094,183.1031884
161.4912548,214.0706619
178.9424065,217.3887736
156.7326405,225.013993
132.1879175,245.0594349
88.77238035,302.6994026
150.2962384,357.7418056
101.6203082,385.0347223
74.53173442,409.7074656
209.8548429,437.9973589
265.9905463,421.3316707
278.7881412,354.7185917
191.0293304,355.0709449
217.8136072,331.1233127
185.5039185,306.4738222
215.1987648,285.0460716
223.661781,299.2252132
266.2839287,289.0288469
236.6586421,310.5698722
259.778769,350.0502363
259.495861,336.18164
176.9187598,327.6989951
164.7298279,321.9486811
114.9977234,331.3287313
125.8960977,319.4371081
182.1647777,251.7352525
199.3041724,254.8346689
157.6566683,295.9426226
134.892517,282.3409661
135.6215659,318.2729278
118.1313796,352.9282555
122.4532744,389.0636945
179.5342548,433.5259936
251.3512955,432.3526985
266.5351147,440.0625527
254.8909826,357.6541756
257.4475358,350.9798404
269.5167932,308.9522656
286.6838867,243.1320609
341.1955665,245.1657661
316.1405628,259.9314224
305.9956274,249.6631933
336.5845974,247.2918667
313.6739777,296.3631648
269.3888157,327.8012409
236.7520915,348.0991668
223.5954871,346.7833912
197.657052,364.9743635
181.0192754,374.7176804
236.9495875,309.987887
220.425049,329.8786716
203.2495394,351.0261181
196.2166209,375.1384592
182.5984657,376.8074937
161.7868868,445.2077365
184.0016745,472.5949357
185.4134354,493.4100647
238.621172,511.5135702
251.2988739,528.1752683
216.8145517,420.4276569
205.1709452,370.3260722
245.7111178,351.5021552
253.4992424,280.3610502
279.1031144,251.3134383
262.4093433,243.8133545
355.6126338,243.0624224
307.3069883,238.344668
242.1640856,284.4546436
303.2326481,297.2178997
302.0459016,299.2349575
232.3954012,293.9623812
225.0399877,291.8734386
209.0255976,307.0379088
162.5284468,245.8025468
140.5109146,276.3870385
168.8060993,272.5233056
89.60615513,292.2370533
156.7600763,342.2425372
148.3412445,383.4660494
33.99486714,418.3550575
193.0724548,458.9183152
171.2464689,467.1908676
194.0452009,469.4471483
276.8692887,404.8656124
259.5320088,332.1342046
279.7570296,284.3039752
277.7002372,264.3786613
282.559388,234.89627
299.9758059,240.4525366
290.0773717,222.3364724
245.6809257,236.9967566
273.6669831,254.9995388
267.829101,284.5396534
201.4211406,270.7357337
237.7001774,248.8730858
240.9860742,261.5888757
178.4882823,251.7422674
107.4386469,187.7220755
169.7808506,231.3243601
162.0719534,243.1085612
22.92952464,229.0394003
159.997915,284.76948
33.26325561,322.326093
118.8903106,332.9977948
54.36487782,355.3408629
182.0712494,352.4783625
259.8396226,337.6116464
255.0958071,270.4293893
225.946564,224.3608747
233.8447286,196.6113615
263.599653,184.7311146
314.0302828,182.4593369
343.0515674,278.9074775
331.6879824,252.5907873
330.1732767,229.1299024
326.565906,240.1558376
324.866322,215.0530377
262.612621,235.3625622
211.9352388,200.5374393
154.8544764,211.5140173
198.4784049,223.3919728
252.8264876,171.798162
176.2010466,187.3668766
169.500321,187.8426846
216.6367134,223.0337962
207.659884,223.2353703
198.5795183,232.7797902
164.4105603,232.3727497
204.0219091,253.5623583
193.3779981,297.4093917
278.5856829,441.3036719
225.9460087,365.0309405
256.8935034,325.8549858
287.4590735,381.2765743
257.5152624,339.6811859
380.9206146,336.5994155
345.1907317,317.0796541
317.3009585,283.2970315
331.9541452,189.8019836
329.7002473,367.8626798
311.1362033,409.5967669
273.4214122,276.8792653
211.9662186,271.7975781
189.1845111,270.6708651
239.9080522,287.3722338
227.3960984,283.0646263
206.3484401,293.0993958
229.9621429,309.8492638
180.0943083,314.1454648
145.5162942,318.4259826
177.1344521,331.3944843
196.1388902,355.2662727
168.493698,353.2756448
233.2966901,400.5886918
270.5065848,485.9312402
158.6332804,463.0787621
246.4120166,486.3702776
324.2256239,460.8218456
316.9789076,420.6050451
293.6172352,414.7503004
347.1232785,438.5033893
344.1368221,437.088793
302.5172068,423.1640123
362.0762592,446.3257437
326.5733183,362.1677199
268.6377608,334.5718978
243.9977957,330.720635
240.515059,336.328322
199.9998024,340.4429943
158.8185828,359.999613
194.4811025,363.3831323
161.2525584,351.3464313
189.4488581,361.1283048
186.5279018,412.6197701
223.8640348,469.1609568
181.5210616,507.3763156
185.6836571,537.2775761
262.3181335,553.896655
262.6618621,576.5364319
220.0795461,486.1045245
287.5694532,425.7855114
302.9297824,409.2655994
308.7128902,376.9447218
320.5593072,341.5711229
355.2037766,326.0146303
354.011438,321.3252031
362.2372928,348.2270281
355.3655676,369.1723805
322.9313042,361.8165775
259.6870452,362.8555328
177.1683604,355.3989002
280.4746204,385.1082538
236.2906598,371.1790822
121.6694581,284.9112699
172.9312031,307.5415974
203.9156473,314.5788326
172.7582821,309.3011306
174.538551,362.6717754
245.2797695,417.5435415
222.4591022,460.6839911
233.5639748,485.3154583
301.3464932,496.9660594
327.2059346,506.7762936
297.149413,422.3880805
307.5921848,406.3969636
316.2062919,361.3177731
326.3566478,363.4776926
349.4618905,378.8701372
363.4153964,395.4906866
366.9525839,396.5426546
368.8145036,410.1801235
364.3078251,421.993988
337.5307704,400.7925513
242.1357856,390.9886728
265.8261311,388.7676647
196.491724,381.3712243
85.37436528,390.3532143
72.08950379,327.5091205
194.1873207,328.0136493
165.1856516,371.7181552
155.4303084,371.2855717
196.0734281,401.2801668
167.3910349,459.6577028
210.5481027,486.1360364
274.8083478,506.0441638
276.1757558,513.6673893
248.6355637,465.5502305
245.3003626,432.6103701
313.4668374,412.2884741
346.9198335,413.3852801
355.7870062,388.1501336
369.1138048,380.3589528
376.5529323,374.8004333
373.9630217,334.072346
394.0408824,346.7760483
374.1348523,361.3073495
358.9519556,310.0961272
344.3752733,317.0973901
293.8692757,307.1213961
246.1255406,312.5111822
228.3869763,309.6034926
156.0759337,257.8305186
163.1891821,275.0064876
124.8736548,271.8611929
154.834249,281.7668834
175.1443085,304.0316206
231.9905248,361.4876428
262.8433201,362.7508509
243.3565713,377.7713087
285.0018805,406.4635042
209.8734089,344.0175044
319.5635086,278.6803472
304.9565625,268.9312055
334.919531,255.47059
389.086588,260.4161115
406.7960803,269.0322557
430.2360607,247.2150943
432.906487,211.7259638
441.0189481,205.6331914
411.591181,200.0950542
390.0011136,218.4666448
388.0908188,209.7497189
298.8262761,212.4749889
251.6003908,223.5300571
250.5035,254.7659884
203.4929858,182.968262
166.3510048,185.0359247
138.3181178,193.5609195
150.6202995,168.8172429
128.56928,236.8270143
164.2613674,272.0912212
174.417221,292.4951845
229.0208746,303.9474937
224.9848641,336.5743371
214.7720193,346.5120069
357.7205397,282.962494
355.3988764,239.1671617
348.5561773,193.5595271
361.3473214,210.3563374
370.5535833,192.2438261
379.0166904,116.0477523
389.5007095,175.3668766
394.5131462,245.5836911
381.096357,278.4379415
380.7928325,250.8484469
306.1148817,217.3445452
244.6887057,220.6557229
262.0417584,258.770251
198.7746487,240.8220692
141.0234201,200.7359015
232.6037718,225.9634971
185.2875759,255.3501201
186.4383674,226.1983123
183.7859726,347.9577757
153.9230297,238.135319
163.5716182,226.7882022
182.5005803,270.3175467
199.2120752,327.1206233
258.9816441,436.6926123
280.1843256,436.8476739
217.1952417,403.5165752
262.5760577,322.0647216
270.6505352,359.7974883
311.1456554,327.7550562
300.8293517,308.0077192
309.2866414,286.7535414
325.5603556,257.008325
305.8981111,270.5707417
260.7142493,270.0357098
255.6808562,209.5671183
217.426516,286.771806
213.9653444,296.6615939
171.4566689,303.4876277
114.3527728,282.9144633
101.9917717,206.4734484
250.4335519,359.3994987
271.1275089,337.6333361
223.2731169,328.2097197
197.6075368,387.1100716
197.1510433,382.9892003
202.6093478,411.246894
205.0619497,514.532994
309.6936694,548.5813142
282.7664378,497.1405421
206.4039386,469.2201162
287.4533623,421.6160369
290.2969869,346.063927
304.096785,297.8669204
300.4032231,241.9778789
421.2362657,231.7430944
377.1881808,224.9640429
349.8241787,268.5663031
324.9827969,207.9491192
277.40645,204.966723
222.1958105,255.8325635
208.3329734,251.0024487
214.9407433,271.2443153
173.4626077,245.8198341
170.3623653,295.70828
150.9568581,292.7239249
107.5303292,283.3705169
137.3738547,331.5885885
204.1794867,344.3165436
197.3638339,375.7284182
234.3034773,439.4456291
283.024622,457.3287378
271.8915682,435.0793413
203.4855391,348.7811434
296.2394275,314.6550204
398.76918,276.5184315
397.6550358,237.439128
413.1200127,232.9119446
413.8835799,222.8375084
421.403319,205.101666
417.9011974,206.2540514
399.7793207,248.6004654
398.1559729,244.4097815
363.8305987,227.9775616
325.39178,216.1427236
291.8233134,225.7819402
257.4086636,234.5970217
198.6891132,155.0948936
193.5417344,179.6577684
206.1105971,199.1964636
193.0187919,195.0638945
180.2120102,242.7553349
190.287851,274.3815705
183.8225395,321.170478
210.9369325,356.0013335
204.6029709,348.7732746
271.4918529,288.7005561
271.5249815,241.2690193
297.7092067,125.1338365
359.3429123,129.6026265
384.4582551,184.9060248
405.2855001,193.6489471
419.6188389,208.5657603
423.1337921,241.9106585
442.0315823,256.1507507
385.7489733,183.3894906
350.0859088,184.2898587
310.6694248,158.2293246
288.1959157,221.3840594
255.1797231,234.0421686
229.827551,212.8477563
179.7422311,173.5146914
174.613536,185.6615925
154.7262923,205.1693927
201.4052192,128.586556
249.0924153,302.5285555
187.880753,246.2111435
209.6767304,340.4859829
221.1375058,343.7821406
267.4747302,263.688285
313.7950206,296.4532727
261.5300742,350.0861463
287.8268306,370.4207091
341.8443536,348.1551815
345.3712616,256.067909
358.0486705,238.1429155
374.6333642,257.6889381
370.431126,268.9460816
362.8442725,300.515349
344.8417141,296.7195245
329.7947211,277.7530962
295.5459245,314.7193949
258.4257409,265.3658789
238.9791289,327.6710819
185.3149625,292.6987959
211.4971945,252.8725256
209.1994266,256.6759803
214.8825577,256.6066893
237.107909,256.1402548
196.8366178,292.3379055
212.6511716,296.2136278
171.3315202,337.0131832
194.5154832,596.9553082
244.4109797,497.1504542
315.3651476,504.7399545
281.0747245,373.85282
300.2391946,458.3842159
377.2612611,314.8572359
389.8292281,368.7431197
398.9458847,349.8554671
422.1679351,368.0982008
437.4898134,329.372081
398.323891,335.3608092
343.0510997,341.7872899
298.8686896,327.6983201
232.2879626,360.5752285
213.5805562,341.6461378
243.3918202,338.1471884
165.7406545,356.489929
105.1747363,278.7691908
201.6898311,276.6779891
257.0356175,295.9911762
232.5162231,298.7168559
202.9001609,328.8236581
173.9227527,355.2596334
151.0243799,415.0922025
151.7588179,422.5508369
232.1994866,462.9673976
279.4528396,439.2666127
282.6513048,369.9382163
246.890826,367.13154
320.366461,344.1750187
346.0459675,368.0545732
368.1434327,388.1902276
395.0121918,396.2623917
402.0108103,338.3410949
408.4835916,356.3004391
318.1394712,348.7022541
273.1762119,309.6385198
285.8940951,309.4203962
254.0585019,409.0779936
238.5813277,309.0808102
193.5909029,313.989207
102.7877158,272.4072534
290.566654,292.6136233
257.5967957,306.124241
249.936838,290.3608217
206.5269014,289.7592608
168.5523234,297.472333
162.0041019,317.7156286
158.0321231,354.6336579
238.5300415,412.9237519
292.3060985,465.3902513
261.6967518,437.5083614
316.3859667,404.3270685
325.9456188,346.6590583
331.8902075,270.4468322
347.7868291,265.2669186
355.0993346,234.7596275
365.5980079,202.660543
382.8671177,192.624344
390.5428694,216.7116165
387.3416622,186.1746017
317.709983,147.8750237
268.843692,148.9976789
252.4751315,168.8648622
199.6236458,161.9853369
177.7796029,172.2052909
171.056278,182.1419304
158.3335411,174.1152041
187.7116278,186.1124389
165.7049911,209.9453233
213.9324676,217.3822234
256.3112782,233.4587473
290.0205434,252.0157564
333.4956077,300.6730664
307.748413,362.4632209
280.4037024,347.1100906
255.7714017,320.6909928
337.1256358,274.1193528
364.9568412,208.8487307
437.1430554,219.2792589
428.1453911,281.9014637
436.8608219,282.3685883
422.0423352,281.3441672
426.7888735,302.3798398
387.017511,259.6500895
296.2844146,157.2288697
258.5411794,144.6683108
265.3000314,154.3814303
239.0877367,164.2260901
247.7854777,159.2685399
0,175.2455081
85.96032251,172.2060395
26.81773618,193.7374047
63.25303902,201.3965155
75.37652058,255.0613691
157.8850375,271.5512922
90.25211903,336.0398498
82.02177073,351.7225928
198.2025573,335.5923612
227.2402722,263.0856153
201.9355815,243.1473327
274.552063,184.3367259
269.9243639,179.8956083
183.4182818,238.3954905
219.3457555,262.7582891
212.555382,266.1160192
205.7249865,276.2750082
167.0942594,274.6694703
10.57874694,192.0978126
22.35470163,189.931067
0,193.1859132
0,227.7471086
56.53541469,214.8446563
19.62932847,171.3158662
125.4033158,181.3053061
0,149.5393642
60.63082433,196.2220891
40.45714703,242.5719796
0,259.9354143
32.86305274,296.7688197
57.41219222,288.633732
13.33521936,320.8180019
124.6645548,284.781785
70.65364692,222.7963637
164.7662762,230.797612
224.2261008,222.6166831
250.6945145,204.6283261
278.4083883,221.1845296
304.0961274,208.7276097
224.1922822,199.5523791
245.9499203,206.5934083
247.9342076,211.6246174
251.2341663,209.9418254
207.5806846,190.5088723
226.2104128,177.3990897
234.8611296,204.138765
192.1975331,190.3221229
176.4387528,156.7365681
166.9696298,152.4230064
160.5136123,167.0137348
162.0517442,186.2233755
159.6103895,202.5825722
132.5759463,224.6972518
160,270.1260864
160,317.9998104
233.96565,298.3523119
307.9313302,270.4412132
307.9313302,295.9614048
256.9798624,138.7595432
251.4707549,178.6829554
291.6957897,187.8699759
274.1910887,236.9552903
272.6828174,201.719285
289.4446723,204.5551881
306.4579462,264.8739073
230.011925,189.5494211
225.1881946,199.8531408
158.9359928,203.7678318
122.1570295,190.9635073
214.6150633,189.8071218
183.6478221,186.1968934
268.4050496,158.5384362
209.1077127,158.7044843
204.0297014,179.0142696
199.3378118,184.4069352
184.5282418,204.5758372
161.1883628,278.9865753
156.9086972,280.842165
149.2244692,325.0652463
211.733921,344.8131057
278.3660109,305.4056767
358.5556992,235.6572864
212.3923279,231.8680797
237.0177619,192.8547561
287.2895252,186.0682776
288.3931136,173.5739423
285.4079435,170.0511915
292.9315591,282.7384699
302.8828935,284.4806021
256.5365755,281.072596
240.1466486,274.3818458
174.8948075,294.2794303
133.729519,213.1782341
210.2645297,191.1855995
216.9522031,173.8822327
223.9785446,121.8015878
231.9059259,151.5894967
216.6574796,153.7064061
190.4708284,172.6423531
173.3194372,211.1363361
171.6375407,275.0818606
163.3043144,250.0570811
167.282102,254.2597369
239.1407148,270.9257636
289.3660749,265.9191515
289.4666626,260.8706348
257.0404583,255.4714561
280.2743348,218.3347109
276.5333528,206.9005889
383.6094625,171.8000203
296.6772101,268.3136287
319.9639298,178.3945975
354.7864581,157.0386299
311.7015794,207.9285186
249.6906437,186.3181929
219.6075184,278.6981326
166.5332824,148.5924054
191.0004312,176.6242295
249.5255183,170.7663134
207.3015143,335.8934361
206.3870365,231.0365311
214.4726112,224.3069823
165.8475729,244.3526836
152.1756526,218.76695
134.5840804,233.2320114
72.29992451,242.0692579
148.1620166,253.1667466
200.8932655,288.1572248
226.8537357,397.5035791
310.6518084,367.9317759
337.6680259,380.8145781
289.5573954,339.1842623
289.5020556,310.0413813
308.0411647,315.1779408
293.2752476,336.5750768
306.6138106,333.0021048
306.6722451,373.1863829
275.6667293,371.8526153
253.8776282,304.4344544
250.1967972,259.9058956
194.3869805,260.0024883
206.5115275,298.5462458
187.6621663,311.2943282
138.5442981,342.5150209
99.42213395,348.720553
132.3446371,356.3372326
126.4950995,374.9200753
37.2991259,382.7706258
129.3476208,423.1570005
33.42333748,428.9261587
108.9205613,456.5081552
142.9648406,509.5304332
155.6983348,574.764085
186.751693,571.3168942
214.3243875,552.543316
323.9724151,521.3824082
349.4175744,472.5951133
306.5375267,438.7608711
269.9715052,433.5926825
264.7291443,413.8156359
267.5775678,410.6741932
236.1262726,438.9743709
246.8788125,348.0322724
260.5601537,341.0457705
231.8878895,328.8279238
239.3720503,325.1790299
186.3217959,341.5364211
136.9093034,332.0269745
156.6416378,338.7728648
141.8538847,352.5322576
90.36708698,358.8087852
52.13184745,387.8681169
13.0175562,423.7176215
103.8128371,479.7562623
0,514.6715
94.87770106,523.0171162
78.85343235,519.4901074
165.9829748,432.7260052
186.6042537,410.1836965
244.7712391,407.4252686
305.4816659,383.1894237
299.175153,374.439027
303.7691927,405.6667409
256.6196412,370.7063825
228.3049323,374.699572
217.2002586,377.6072545
290.7623699,330.048385
219.3617218,303.0735517
183.2407973,309.1278106
170.1041566,300.544853
138.1512224,302.1136883
96.85192882,241.1385056
117.6538432,282.0251445
168.4827883,306.7164099
146.1447135,310.8213647
52.02659528,353.750435
125.9116841,389.232167
85.92082441,433.695565
54.06567247,443.5730395
128.0873026,452.7837689
63.97248581,451.1677529
198.0084312,383.4976273
238.6710809,409.9179052
315.6200095,424.5234392
262.0724842,383.7280378
242.6136,358.1772694
284.199442,334.9357018
289.0865452,324.9500078
281.1116325,331.5675842
285.2401005,348.8185147
253.5198191,339.7346704
258.0359192,333.1226858
253.4512258,296.0098366
210.5860166,319.0602243
197.1851423,315.9441548
189.4665193,268.670799
200.1265333,302.24648
176.3416209,324.2985701
192.388181,311.7053584
162.4995359,358.4794198
147.3595406,449.3345999
116.129607,466.7698699
129.5439676,503.9449359
182.7284685,486.1058244
212.1104402,504.81279
225.4083696,431.8751738
302.0213127,445.040316
338.9091323,444.4751011
280.2354181,431.103755
359.1051429,388.2182143
337.9965146,384.186736
352.9755612,373.0249789
349.1695442,354.1891058
342.6611789,383.2239349
311.6518709,343.5990423
246.4895544,367.2833978
264.3618763,353.6549186
271.1288796,381.3479636
239.1629969,392.3849604
277.3952633,333.22119
254.5816503,345.1372844
256.4778665,377.1415031
184.0140071,354.9835306
226.9170552,397.8189171
224.2261771,443.1682438
222.2892211,481.5160352
229.371247,534.1778136
271.2755054,513.4729318
310.3677003,509.4221368
314.7022686,445.7821849
298.7475499,411.4230962
366.3249656,396.6684538
355.2040489,407.2576655
365.6965115,401.8503182
365.6916735,396.837412
358.4687011,372.8307675
334.7903587,347.7508006
302.1945157,376.7352111
273.5427369,357.1436492
268.6378564,345.353957
273.7187559,328.8215315
310.5840429,347.3642222
227.3741189,344.7366594
272.3110944,297.1626891
211.8298109,285.7871608
225.3566313,308.6827578
118.894202,311.0506341
270.9645038,362.3309754
193.4028502,402.2255736
230.3855468,419.9478377
209.770781,445.2196266
225.8238889,441.0299788
257.9468201,435.9920065
276.4710972,355.2580435
338.5378881,352.2310026
352.6210249,319.8209871
352.5765637,277.2456187
398.553067,257.4723345
293.1337309,281.8933762
304.4971505,262.0875876
300.6221358,247.3370778
268.645177,272.4421206
268.3407785,240.9276938
245.1222417,219.5218948
202.6062855,205.951218
199.8904536,224.5397756
166.720378,218.2870963
134.7411026,181.0096005
114.9927559,186.3606453
125.2064495,229.9720481
91.94420976,231.4276438
90.67850681,248.0305458
159.9793949,241.5585007
51.34492812,240.5857337
129.4202496,273.2410526
164.3894315,304.7422583
183.1902185,400.7521729
246.9257356,377.889848
321.9163543,378.457165
346.7651891,343.5344861
306.2797684,289.5871099
362.0465534,301.6250269
337.1714373,281.0202752
334.8146859,233.7287124
319.2429477,285.0621413
235.6307338,304.1652949
245.6473227,260.026977
261.0833209,226.0443333
245.3473309,227.3769785
237.0887585,245.7050909
202.4777211,252.6946727
226.9534459,274.7261502
221.2690532,283.7739432
239.4373396,279.509674
205.7578031,317.759733
176.3903519,301.0045761
153.0808598,317.6464058
157.655244,311.5268681
138.7750288,354.0041728
117.8207887,386.108191
176.5675585,447.9396301
216.0737927,453.8326898
235.2193112,467.5221636
244.5099831,404.9158088
273.1376698,359.928289
317.3743471,350.2867812
323.8085182,322.6726519
356.1119487,281.651537
267.6068708,286.0706383
218.8899043,350.9811424
288.3733897,266.5403504
191.659514,242.5204191
155.9674168,234.4549808
163.7909797,255.9161144
158.2030361,264.959916
130.1769811,262.5733992
58.30031355,262.3702863
169.7344774,274.0077053
109.7101944,285.078469
27.16848365,331.225893
27.53353783,357.3292227
85.72991923,390.8548123
13.2765306,442.4968731
114.9717305,443.8753966
29.86832413,407.6131601
184.9026929,314.4345198
232.8651957,295.4535631
289.0349242,264.3786344
368.3136343,226.1651351
212.8143083,232.384059
235.9346151,222.7077561
287.3901611,188.0794537
223.8610897,186.8715401
287.8807449,218.8954214
251.4441137,233.0369858
274.697986,229.9606262
257.2479411,250.6199468
224.9710135,240.8920921
189.021258,216.2199304
149.7255922,202.7820682
180.4803672,225.2198302
156.1550754,208.9806533
169.644778,262.4544316
142.3107582,291.947962
58.73806206,348.2086697
164.9018424,360.0407888
36.02899953,366.9414444
114.0529292,362.2734776
171.0214039,318.522932
190.5637441,298.956757
266.8191885,278.3533996
278.2516131,252.0711798
272.2302022,244.1729297
281.4348343,231.218559
300.2509382,249.3760491
315.9785973,221.9677778
293.488444,224.3610136
276.3222389,236.1433595
231.4281814,287.7594499
271.0053976,292.8333493
299.5184732,276.0490807
263.2295305,287.3915081
234.0041786,308.0874391
219.0743504,258.2637045
219.4737467,277.7452547
231.2631226,273.2804307
195.5257997,300.5231206
158.4102005,369.6798711
102.4979636,393.2020039
175.4160329,407.7282753
149.7726223,479.682177
187.7059964,496.6289539
168.713985,450.1871639
238.5853759,421.7997353
318.3246027,420.1317354
305.5857771,390.1962976
294.8326375,332.5751733
303.0852411,319.303418
321.1786027,332.1517382
393.8245367,351.0307926
302.0135808,344.2023644
297.1435861,326.0014329
264.32487,321.1397584
223.7881205,330.8696542
207.3966385,321.2601709
227.8738118,331.9014827
263.6175252,337.2392075
313.1027756,296.0440111
233.2634808,303.5271511
219.3446705,352.5786816
220.596828,351.5592411
208.7886304,376.5543698
196.314992,485.2359451
159.5120466,486.9359407
123.1726243,527.1308811
194.8167358,537.1970048
207.3342943,532.4049349
259.4094454,434.085961
315.4184418,405.4964865
274.5938696,357.4416862
281.4471951,345.4975242
347.626149,334.3522728
316.4057415,327.991904
351.6773998,305.9163407
321.9106234,309.6907151
324.0533889,347.272759
235.947556,300.3993591
270.0156378,297.7034515
304.8299125,279.48231
275.5388775,291.4450265
282.1516145,297.3798446
226.8350097,258.8850681
211.521574,273.2687289
159.9603673,286.3998047
214.8493274,279.829137
188.6592598,310.6499414
179.1650516,366.3789328
152.7529022,395.4925513
48.6379397,415.1573156
165.7018126,418.7192211
190.5801744,390.9593953
245.8400849,347.7370183
390.7911425,356.554441
315.99405,315.916307
299.4005184,316.6351723
350.5558897,307.7712527
353.879404,281.7315613
369.6696292,282.8811527
358.8769978,295.1936885
317.1017131,315.6954624
240.7081336,303.3218482
243.3520935,295.6455252
287.8152677,277.2629566
318.47942,341.4588214
268.316035,372.3323475
229.2832589,339.4413601
177.4461868,341.5691392
235.2806721,356.4068037
176.2206005,364.9485143
178.0367243,369.6892326
205.6649952,379.310858
137.2868548,381.2077035
138.2651277,423.3151887
130.9756007,431.4926496
222.8709029,557.324273
277.0548357,469.7369653
330.0837716,556.975256
293.8496485,533.0165057
357.5195849,443.2673189
353.6372229,405.6089037
362.4808944,406.7338008
409.0991177,401.4485053
405.3022559,402.7914296
398.5176782,405.5729954
359.3850449,376.1114083
304.678914,328.258986
260.1112649,344.6607421
252.2317323,360.277026
207.3604634,367.8524458
224.6168751,387.7756435
285.6312013,403.0852522
321.4944,421.8945813
246.3891306,414.7532833
258.64636,437.9223757
260.0182993,427.0101115
215.8743176,440.7717173
247.6386604,462.5142027
287.1332524,505.2863713
272.3464272,591.2368275
296.2462486,541.0251532
303.2124659,550.960627
410.3760695,524.7424856
384.2758166,459.2180634
382.4783113,405.7365443
372.6958307,425.1835483
400.8035928,382.2061604
401.6932149,363.5673012
361.8467485,386.8943592
336.1175851,350.4123658
200.5905386,340.2015792
342.0146395,329.869061
249.8987148,337.7308854
265.8885851,358.3153932
205.034844,378.708293
181.9194019,398.8552241
196.2724519,399.0820501
142.5088678,403.5702346
105.6794418,449.740085
75.62220078,501.4692852
128.1533005,544.7061414
57.1902207,585.7174061
139.868146,598.6823597
199.3927559,569.479151
199.4031257,452.5126771
255.4417249,412.4370446
296.5864456,348.474791
299.9403216,297.7787133
304.1001529,269.5580126
314.7163556,265.0127195
286.5014859,219.9836053
221.5060646,213.7217257
408.6729657,225.9258097
333.8123198,217.8739117
204.054962,262.7481895
179.7504157,232.94882
176.6486998,259.1342055
167.7033351,262.4503921
172.1574807,228.1891093
193.2018545,237.1892209
184.0871688,271.0594736
142.4446245,275.7736064
140.0674473,312.2878889
144.0248356,354.542547
153.1495087,383.1528393
131.0479878,401.9432552
142.0749615,422.5772402
208.570761,398.2722491
250.2760543,284.7126078
275.5225754,243.3312274
339.460834,227.6389806
319.5845026,178.8770629
287.6551954,202.3643776
328.6540967,253.3946365
319.7434209,244.4717104
317.1454605,203.0695574
306.0479902,231.2360215
300.0818529,234.2450357
231.1323855,199.8277428
299.4971222,203.6025327
310.1365424,228.5081837
257.5476928,221.2495764
243.4266168,162.5982785
207.3322373,196.2735023
149.6221849,202.974173
162.7036907,227.7641256
142.6387942,229.1996602
112.3566362,317.1705577
140.4226818,326.7592804
147.3628079,351.9891858
146.5735993,315.3020949
172.6207035,289.1392126
233.0732234,241.2276273
275.2215692,213.9534316
327.2062107,212.4847735
327.8962701,233.8320306
442.0965757,186.3436035
324.6095167,169.7199796
283.8857298,201.815009
265.1207936,204.9230215
263.5123416,192.8425927
256.885723,282.9614945
239.7564667,258.2138519
230.8874688,184.0217108
235.7678415,240.8068213
163.5690438,255.089195
131.8055792,213.2724027
133.3855687,235.0622012
149.6084086,194.4428763
29.98766828,158.8612328
128.3915985,181.9333587
26.12399408,240.7667792
89.32626149,235.9807887
50.57952074,238.3626528
85.27480662,243.3578538
101.7716422,240.8131962
196.1779325,204.7032253
258.8691463,221.3898295
286.97004,175.0168729
299.4120078,166.4858248
362.2469753,151.6116453
286.9960219,240.3094792
297.1066436,228.2647578
277.0593294,212.4221235
258.3597358,217.9372941
305.7070832,230.2368975
224.8410474,232.9214764
167.8513148,184.3041862
126.8193425,197.6693033
194.6452004,174.6763514
158.2567209,161.6269147
50.84499971,157.0633343
157.7998225,155.1863902
108.0217707,203.9819323
69.96206149,214.1346713
125.5519174,308.3306739
15.04975689,310.822286
0,299.4152667
24.40469097,310.6634959
28.61360467,290.9751681
130.0938932,222.7963466
259.3811368,228.6049967
355.732821,209.7019746
379.0848557,212.2302471
237.1361523,198.1278721
404.5237567,170.888856
327.7753673,165.2500562
289.7159499,184.3919164
314.0249571,213.2623519
252.4416775,240.4490144
311.9828182,265.0804093
275.004501,241.672321
230.4761427,221.5052797
228.174917,239.0628406
160.8587401,180.3454779
161.383963,203.7880106
152.0200689,191.5640487
166.6516566,165.9538659
195.0067331,159.0080345
187.8951614,163.0077007
164.895179,159.12809
155.6236631,169.8860878
185.4955553,186.8351522
244.5027896,267.7071972
272.7278341,237.5910636
352.5962439,271.7766773
344.8743554,184.2958221
382.5198481,184.4128023
261.4704425,198.5108704
267.4282776,206.4639751
356.0947913,185.5133935
258.4877541,190.8868017
245.5214645,228.942609
278.6865563,220.3805651
218.4915543,210.7338423
219.1157548,201.3333337
140.9777037,202.4307054
129.0056827,164.1341241
0,154.8353458
98.33933451,161.4993965
0,174.4366708
0,184.5202247
121.7084396,193.3493714
13.8671462,193.3749935
13.53735073,212.7468748
105.1165816,223.5146776
16.08193443,233.9015202
150.328228,319.1313065
149.4613789,326.2476397
193.775686,279.0754029
296.3354895,196.3678028
301.6978026,196.5772667
280.494008,210.2497991
306.2819372,178.1199706
323.8198692,130.0466029
263.3074128,186.193043
246.7679798,249.60387
219.9647038,261.59221
276.3458019,205.4876312
209.5032792,176.931438
224.7975959,147.8810199
178.6312301,133.833437
145.4455477,125.4852096
205.366038,170.452817
220.6295234,196.5234344
203.2817372,234.8036823
195.459791,257.6537784
217.1462451,265.5469092
201.8531965,266.7797236
113.983298,307.5645137
92.21952978,311.0890658
113.49866,251.4722675
134.8118392,160.4360863
186.7560634,178.7419699
222.7013391,201.4755721
247.4203052,197.3935955
254.356132,133.0953781
253.633624,109.6721426
287.6055571,138.6006846
302.2597681,170.7115999
257.0439414,179.9299095
238.865043,181.6011293
193.7937907,187.1708651
186.1752629,189.3671358
200.4068898,181.6508096
175.8681369,338.6901373
173.5663044,199.0560472
0,154.880231
94.1017078,175.2990081
14.55322135,191.6948551
0,214.8313979
62.35897653,295.8471074
0,287.4996498
0,293.0841845
0,294.0907961
50.31799852,303.480841
99.05853793,257.1289704
180.9003537,254.9748146
224.2289494,231.0312402
180.2508519,207.1594619
248.3113857,198.1820341
308.0648794,196.3741798
322.1155618,187.9969068
303.9573266,215.043374
271.12027,274.8400819
192.9353186,207.1930615
134.7859862,244.1178016
125.1999642,212.0024015
28.33394553,241.2762561
126.1524584,250.723196
0,204.3997925
0,213.2077073
57.37027437,215.9744541
36.43636413,229.6169116
0,270.5295518
0,339.2516482
0,333.63827
0,330.6438146
0,344.9837304
41.7143119,330.6348668
19.33291226,283.1951789
181.5534974,281.4134123
182.9369552,240.2862142
214.4226274,217.0037931
261.6198115,226.9636669
285.9446633,210.1971663
338.3434807,184.6112968
334.9348394,199.4041624
304.8062977,228.2061332
237.7243094,210.5528021
125.4222753,211.1400389
132.8580297,190.0377067
154.6480097,210.6765422
34.28031998,208.7070382
85.78825756,182.1051477
14.46666776,195.622524
129.5489846,206.5368618
11.78952003,211.0782507
111.2346028,237.1150442
0,316.9212718
0,291.9364809
10.06152143,312.8133542
81.49535514,334.1278842
79.49243611,298.2330189
165.9829501,237.8793555
203.6295569,241.026764
256.1338953,253.9320567
308.2961224,257.1994555
246.7716083,280.1284376
239.4940398,313.0761046
274.6683542,315.5120213
251.9378239,311.2150598
219.5523851,290.0856204
257.859358,223.3569004
215.2264939,257.0438311
227.9952817,272.4653689
186.3958685,305.6773193
176.5908292,294.6712748
138.025187,223.801588
67.60229302,224.6768406
145.1876074,245.9559829
135.2479455,246.4386514
33.07825538,294.9180235
115.1315388,342.6673977
0,410.9842312
103.6055931,421.0661997
51.40791171,382.1252001
141.6340513,347.346522
151.940549,321.8827963
225.6850491,278.8416495
312.2255481,243.5005846
302.144774,220.0942863
263.4067915,189.9877017
262.5678618,188.9622439
239.7877862,171.2556005
261.436789,256.2087674
232.4293022,294.5901915
247.1373567,226.7610294
190.9971642,205.7791698
238.8952892,200.8584073
199.6543049,198.4722717
171.1436051,201.6291291
111.1250218,151.3478536
102.779523,163.2774846
182.0775992,202.8251973
145.8260494,183.7334336
89.51738088,257.3027697
128.2930154,233.9924476
54.73082644,238.4143972
102.9207176,263.2626485
71.59954754,276.5753611
127.9888054,342.9725095
212.1951722,374.9581586
233.6346425,349.1752249
314.2226158,278.7282097
271.7971683,275.801345
248.4828362,293.4394992
273.3964248,303.5695527
276.9776218,285.7916143
277.8099704,283.4588442
294.3809312,279.2143607
303.0967314,228.3931723
260.0252685,186.8989733
251.1648609,185.0787715
272.1351084,203.2532907
97.24219605,204.0508294
220.5850375,207.03335
74.43779951,233.2132613
127.5963763,229.4434026
0,221.4651647
63.30272136,224.3393568
0,241.1666563
10.35579011,254.1215825
0,279.0513015
68.92877002,346.3902508
0,359.2313358
288.4316108,343.9436099
0,235.6439601
290.1249562,177.8509737
361.5948141,235.167434
293.0063983,268.0701516
308.000655,223.8245843
319.2059936,213.1965245
138.5164188,206.4225925
153.3282075,165.214574
249.4353252,188.5782053
179.6457353,196.0479565
313.0678657,133.6357531
299.8407904,145.0841179
334.9461688,162.8389121
254.3952818,173.4792449
106.9826738,189.3934887
209.6596275,186.479027
123.7360201,235.9986923
113.734639,256.7143634
228.7270145,300.0793998
327.0053057,303.407286
56.29241709,278.5480293
313.927752,275.0710798
273.4524802,232.2759421
408.811961,201.297355
384.9695255,211.2251033
304.7710808,194.7542228
341.1752321,180.1448075
392.1861887,195.0174424
326.7723959,152.1823899
342.0656682,166.9229081
492.1996511,199.2398665
434.2888695,216.8661655
380.0962213,206.6561307
364.3304407,260.4269991
307.30223,249.9794482
318.690142,240.4859522
332.6987192,150.1284251
295.7393009,150.7743454
315.4753322,149.425175
253.8950415,169.7835149
236.3749967,203.9036244
291.1061926,256.7080298
253.3039369,254.2552035
229.6084043,254.4204497
201.7075342,246.7664555
253.6080206,220.2601688
364.5381319,205.4565619
396.5230465,181.5464476
426.1408417,169.0052997
477.4938804,173.6262509
473.092645,168.447348
391.3478928,248.8107481
348.7885853,211.9726121
427.3112393,218.4619312
346.2806106,255.7581683
477.4482273,254.1945704
367.7325575,156.87958
393.2433785,168.8662344
407.6133529,170.7750529
235.2535254,167.9045377
163.236696,141.4951808
303.1060328,161.6492496
303.9967185,155.8987727
252.185121,194.2346304
270.9244579,218.1003927
152.2018811,269.8090554
196.1739545,291.1091064
227.9256984,296.4150674
71.62202602,268.520791
245.2069849,266.3508682
307.3248505,235.2799906
186.0437565,204.0558091
242.7789328,192.5164966
301.1041515,159.9491258
85.9905194,224.2472984
243.1828517,200.0883324
274.6672994,206.0188784
303.444386,240.2191986
338.8598911,235.6050293
294.808037,196.8899576
314.4913902,238.3914378
216.8742809,253.7551505
318.9297633,198.8881605
291.9473475,164.6966358
241.3867868,124.5028035
183.2885287,120.5985697
248.7855267,139.5509773
160.6278813,167.26605
5.93292993,191.7436116
300.7066123,245.1068103
259.9290698,271.7373383
299.1339852,254.5259135
271.0561477,232.4954639
303.0579922,231.2069262
387.2824858,192.2687545
488.4515402,175.4994746
488.9020643,210.1493908
342.8913148,179.3293786
426.8960125,167.8172007
314.4391332,134.2999131
414.4281941,170.9458224
557.5259148,177.8708742
356.8092588,177.2850697
422.8135886,163.7567391
414.1905711,181.7231435
410.2290555,210.9256426
266.9205671,188.8171844
305.871891,223.1816635
207.1489952,169.3190328
487.8265437,257.011383
211.699086,215.5193718
368.6679852,206.2682754
144.0893955,177.8593992
170.955781,207.3682615
267.2098932,235.359274
356.8727071,262.4410062
245.1635111,238.4882145
215.7735669,184.1553608
402.6397969,180.9013792
448.1997038,190.1458602
466.1991516,140.9038376
521.0387346,153.3293031
496.9917119,169.65816
496.67399,157.0264194
439.3414805,173.5402702
499.1622559,166.7484239
438.7406749,174.0020935
472.3859198,171.2298072
492.7348888,177.8701757
404.7020042,157.4349691
407.6719254,168.8864383
425.5515271,149.5401338
367.2018407,134.7520074
403.8092332,150.8743942
408.7670313,145.7934586
385.757201,130.9545773
340.1848509,138.1369094
436.8386837,143.4890778
426.7328115,157.6150336
426.2302158,182.4475579
368.8896214,270.0158073
473.8196604,336.5367389
376.1937268,330.5599234
498.5827385,303.4065893
388.3935612,242.044341
273.2276611,251.5663512
496.0295548,266.7766601
483.5866597,295.3946858
437.6388209,296.6338895
537.4896958,300.916794
564.2110577,266.0278674
544.3747196,213.1342864
539.8598826,155.6565353
520.0366014,159.6808781
470.4089664,165.1037347
448.4024323,191.5552046
353.3688895,192.2934288
394.2552082,198.0370337
400.0669548,201.2645283
366.7229413,222.3414323
361.3672035,240.0897186
347.2713809,249.5421629
381.3050019,239.3306632
407.4863191,253.2306541
415.4841203,297.7545368
413.2589502,391.2686026
467.062998,421.2760309
474.94218,443.1430488
380.7944632,351.430445
623.3167116,287.2070336
192.5521735,302.1301836
508.2575802,288.9376161
384.7782423,297.8096021
400.3641026,273.525529
476.8641318,322.1248195
403.0811557,216.9980577
506.5514412,212.5881112
403.7870659,211.5137184
434.4586447,247.8688219
437.7837186,244.6376775
418.0732148,233.5248973
430.2657598,311.7368893
65.58143615,342.297532
0,291.6431144
0,358.0472341
0,397.8214974
138.7398611,401.888603
10.32229655,455.0470079
0,469.4279817
47.93314312,426.9429845
176.4498515,358.4787201
142.3398594,347.3787869
276.02212,256.5811215
106.2591446,235.4288924
241.5950023,252.2940355
126.8701381,238.7900394
81.88591673,249.6462605
83.70930495,281.6840645
168.2200664,253.9001867
76.55429416,225.2046877
158.6916812,230.5210912
221.9307639,213.1235865
27.15457657,227.4226884
4.905887102,223.8030229
1.057698352,198.8805663
1.629210875,205.7248253
61.82559734,211.1665407
0,213.9634425
0,251.7850951
0,282.2397006
17.67101352,350.0355284
34.73097973,377.7353208
161.297812,365.1493073
91.99708807,361.6173066
371.5087095,307.2509512
298.7390349,278.8042946
292.4732574,253.9453835
337.454242,235.7018838
424.7739532,261.9186273
298.1516248,211.4901274
389.6999647,223.8941472
411.6545646,256.1184149
211.6467283,223.8742181
329.9285141,218.9452221
364.1159784,253.7345763
212.9149147,241.4188533
273.9886519,235.2647748
222.6691457,223.9379644
319.0979453,192.6767246
121.9781231,211.7762597
130.6471026,230.1268497
198.9797649,232.9670987
239.4547227,280.53714
277.1079574,325.0235264
282.5824518,356.6152868
328.5664669,392.2449723
300.1811626,394.4082679
439.8068286,363.2758735
481.1097018,317.7453533
325.4189202,281.1342856
390.6169998,229.135142
411.6644533,220.0603206
508.1349048,198.4627836
449.1475542,192.1037409
390.3798208,191.5167041
424.8217969,175.2995309
439.7044801,227.8714968
466.2172123,210.5753021
353.1348878,215.5719642
130.1657403,196.6736312
324.3747494,213.2267838
265.9993431,255.4648791
264.6098203,191.7970769
73.14712192,205.2051596
147.1234563,217.4114886
180.2692988,210.4162924
232.972557,259.4421142
280.9210548,301.5786686
178.7213249,332.483915
148.6697203,343.5611116
63.15343099,334.8635248
362.0081318,291.7550398
289.8085322,275.9473423
339.2111237,271.6113733
3.599031563,222.1026808
220.8965643,209.6705861
357.5206033,208.739345
338.168901,217.296317
355.1888819,194.9712153
374.2832112,222.4729333
448.141177,273.1486556
142.8958166,232.834384
350.7896723,238.8308255
167.7468931,237.9950843
295.06343,253.4081544
324.291336,256.3744383
267.8729911,219.8368318
315.3152398,232.8610173
89.44442171,254.9401821
69.59798202,241.1420737
58.35942909,286.487465
128.1257529,335.2565437
165.3874213,357.2981336
175.136946,369.554956
190.4727399,358.8508733
337.0532119,342.1049285
341.3512289,308.4252373
503.226848,295.3925967
313.3289104,283.92859
361.9652256,231.480134
457.7931189,223.9762129
442.1350249,257.349245
624.8709209,238.9383108
445.5103208,219.4393157
466.7438386,209.9913865
495.5202293,195.53578
401.5328109,201.8461683
416.4028218,185.8205035
350.4107432,214.826496
245.789517,206.4397216
397.6473791,160.3827006
232.7988699,167.7957337
151.4843699,200.5190741
298.7436268,232.0009075
153.6815723,224.8811099
193.9010895,238.7360927
315.8976322,262.2474236
108.8584667,269.446173
300.1858712,297.6869702
449.1665946,372.3078592
483.8805937,342.7393885
480.1718638,301.8381732
527.3494785,260.5836535
442.3014123,185.1673084
473.7716999,185.9680779
486.3168063,193.8797652
527.9928149,209.276561
540.3321162,248.4083631
425.1117616,258.0183029
456.0653437,212.6053514
429.0119487,212.9941773
372.0734921,139.3342087
311.9465387,159.1073276
421.4857309,154.2699554
0,175.8519961
176.0965828,173.7324128
283.7478043,179.5453515
291.2536082,185.4941662
151.3384261,201.1325144
210.3594946,206.9267662
203.3416296,207.6576819
131.771188,236.4200161
229.4738669,270.0598341
221.7126723,333.6656044
396.2455572,314.2729342
369.9433684,258.1289915
448.4390481,210.0614848
485.5933618,213.6435387
512.5066937,177.314902
465.5537092,178.5024237
527.2464249,195.3716526
584.7965601,202.9830621
496.1380381,197.4215914
595.9486163,152.8972258
455.2324088,149.0669754
473.4936246,136.1400147
492.8287679,131.8139473
344.151169,173.2159154
322.1550593,182.6974284
361.3773211,250.8783271
298.9823897,235.0440905
283.3603416,181.5989008
0,214.628325
135.5957216,244.1836152
261.5633368,265.2071486
215.0612793,303.108806
272.612598,296.4447979
293.6278696,262.7318493
343.6603299,247.9226676
424.258628,210.6941704
530.1124136,247.3802322
457.9752825,248.1146889
550.1678424,259.0689261
604.6100442,277.2761418
631.6117888,266.8973938
514.7775993,246.1200318
602.7150301,241.2841252
572.1606788,211.0007199
591.9297733,221.2274462
558.0109396,235.7822423
516.4425718,261.0342391
469.5102164,271.4242759
450.2054169,220.6452518
431.0901885,239.8754038
420.8230198,272.7843486
428.5913929,225.6268141
439.4797491,274.0238825
478.415521,374.5472444
472.0305932,402.849102
416.5098218,421.6919301
466.9658135,445.0337698
487.8865629,412.193908
570.7842563,355.0351042
548.1593091,362.0512187
599.006584,318.1843672
617.1261984,291.389481
614.8825876,275.9498325
655.5281885,277.6848531
652.369209,243.7982647
639.0034097,226.7714055
674.9747999,242.5253746
532.8811354,196.9575306
570.0919523,218.4838686
548.0128091,236.9197617
451.6814228,230.2341725
473.2188456,239.4532354
451.0195907,195.0181064
390.2845363,181.6712324
387.1038382,146.5402725
387.5763282,154.418543
408.0245143,348.458725
441.7630889,330.6380805
336.3658763,340.6531042
96.59786563,435.0420172
225.3411271,427.7088743
116.7960392,349.5225265
0,293.9893519
65.95078211,272.6496976
136.2949226,232.1049959
606.3061869,216.7226934
683.2020202,197.587175
571.5208583,193.1828872
612.1941294,168.5145396
640.9505229,240.2766879
650.437167,236.3573801
604.4705396,214.0442614
554.0255994,223.0625158
460.713981,199.348975
465.8180227,188.3572852
457.2478642,203.3081255
433.6735695,147.0899204
396.9783319,172.9831111
385.179167,199.0986896
421.0081409,188.4706789
416.2837173,248.4473138
461.5505875,306.508204
431.7361894,312.2203153
430.4485551,348.0901234
451.1036451,318.9410283
500.3123633,262.7958956
529.0043791,236.3307436
581.3575276,218.6444808
685.1448666,180.3357231
713.039547,218.3570966
634.0643819,169.0496366
617.6673878,153.7178604
654.3872282,160.7317335
630.6807996,150.4763862
616.1521932,117.021487
631.9056312,122.9482041
633.9118022,177.5628305
596.7080906,234.2050062
552.9184531,210.9490105
532.0967744,208.2492403
519.8686208,143.3903106
469.17377,192.3481279
410.834247,209.1263719
362.1553826,202.0357687
320.4514657,248.2867433
266.8162774,294.199411
370.6343723,297.718091
339.3110058,284.9294342
345.3455881,227.1316363
347.4015416,197.1196676
515.5289246,219.0670895
612.1400526,191.3721639
571.5887336,145.5595934
551.5326547,139.863176
538.5050689,150.9487419
586.8920229,177.5303577
602.9759099,150.1419198
454.603118,132.3899194
433.3447045,105.3377178
425.6832672,111.6588259
413.4867393,142.7873771
390.9246589,137.2806518
310.9457583,133.4268138
269.624861,171.15267
269.5509563,117.0590454
238.1737145,130.3161414
287.7834307,157.3706608
156.3978036,168.7613086
118.727549,233.9697403
157.7331283,174.4521771
281.2765737,170.2909106
312.5817878,176.2314005
440.9633729,197.2955202
462.7655395,266.0308787
484.7575243,233.5087071
553.1788935,159.7486802
608.0332364,155.9801315
559.0743099,119.9660093
619.2197201,120.13598
591.8746527,143.3988597
324.5599117,131.7555441
335.1913801,115.4223126
309.080914,116.29403
350.1202611,127.79
541.6031502,110.5181238
493.2620233,123.9679071
530.2016778,109.9767389
459.3863888,108.3320337
410.9224125,118.6600381
262.5384133,132.8603526
446.8770926,133.9720655
385.5568989,135.5572971
360.3213674,128.0388834
390.4148664,132.9619455
462.4009651,117.7775186
453.1415791,141.8744639
448.8311371,158.7416394
493.4843645,269.9031504
563.1045981,208.0248929
541.0310952,169.7184605
466.5621694,157.394614
540.2991079,127.6235232
540.6808686,134.0308524
586.1284283,155.4740478
623.5456453,124.4084147
621.0895728,155.196904
551.268268,136.0175133
496.7917852,136.3911282
457.9138441,121.6248243
333.1261329,118.5452023
362.4624192,111.0466456
374.5827579,117.7853959
409.4496663,121.6928949
413.9096208,132.2642813
483.4297216,142.8733687
456.396626,126.1008423
399.178066,207.2618387
366.1569752,201.8528146
401.9760695,182.2855391
373.2103917,231.0069159
380.2658317,185.5030398
398.1988692,173.1655078
620.9124543,134.0271461
602.3918328,147.3074403
507.4840144,144.7855801
528.7580119,142.3976652
533.8202828,133.4737673
563.0674054,139.0868606
584.7566023,105.004615
579.3405705,106.2045754
572.0525434,147.3388726
577.7382084,163.8917927
525.1708862,228.2397089
505.9968013,151.6195057
480.8139092,133.5757549
475.0481178,158.6220208
416.8113096,146.9787557
399.2134092,153.7234348
397.2954037,153.170531
373.9710288,146.4513781
359.72362,238.1945329
393.0764418,285.1734543
371.113116,285.5845291
363.5371889,302.2867006
371.5272898,318.0355962
454.143987,297.0637321
492.5525421,305.4261736
510.0024043,325.3586889
520.9072143,289.5457613
545.3420317,259.0090901
566.3542245,257.9157741
586.4206958,247.8210782
605.3752686,225.1883182
611.9127396,182.7507754
630.8277941,164.9962413
629.1679491,130.0119238
611.4430056,135.253598
571.3427326,166.4742494
503.7422671,160.3957367
486.9161286,181.657085
403.9521897,124.5356172
163.267358,153.8181347
296.5348646,175.268892
139.7005062,199.781464
287.2860723,229.8768297
160.0981098,272.7947546
207.7138328,288.53414
356.264993,312.4787572
385.7954558,317.9473961
435.1343027,267.9801992
546.5272258,215.2992689
511.6734566,186.4976721
554.1363809,171.7392198
585.5835398,201.171539
624.8444228,170.2429947
526.1952599,142.606728
454.5677383,171.0555268
439.7133433,175.362536
405.8196893,174.8666394
417.4366998,189.9727863
418.4787177,171.580816
396.2548783,173.6360394
386.8774499,208.0866436
445.8175039,175.8535789
445.9708985,137.6037293
416.642386,250.0096284
408.6666238,198.7774685
406.3191628,206.484849
404.9774059,227.1968845
418.0770696,282.6479226
454.510704,201.6829564
411.4559106,227.1581949
456.5520625,224.255367
434.3135639,203.7459543
484.9568651,217.6977858
532.6617425,188.4789713
585.6141949,179.8553798
590.7743278,156.3411974
612.9189748,150.2738038
617.25521,137.7067819
506.019051,116.7561929
424.7409792,192.3992734
444.3716862,172.6458646
409.4241478,190.7678601
422.3388096,209.1997174
453.7737632,171.0492142
483.9573963,280.6833677
487.3318223,276.1058562
454.0306693,194.0439414
402.5459912,181.0965455
296.5861945,176.8479544
182.1285738,187.6671512
237.0075333,257.427582
247.1056822,255.6305358
254.4287593,314.4602148
400.186453,365.192687
423.8513122,349.9852212
491.7479458,315.5282669
520.4949541,271.904758
468.4074926,243.4532075
523.6958875,284.9115492
538.6188628,175.3951957
573.4914848,158.2334711
609.9958054,192.6554439
624.6050967,237.6613943
634.7747788,181.4433559
616.3204484,185.5894949
448.9728117,172.4523759
425.7258896,185.3465073
368.4234126,211.9594623
268.3001576,204.9041063
203.1907918,164.252363
219.0485149,111.7071026
217.5732279,124.0129567
370.5449478,125.3260796
244.4501591,151.2141961
214.3211842,149.4962339
276.2832745,179.776452
329.6876131,168.4441853
392.3610823,186.5311514
458.4281506,190.1336587
484.2606971,289.64348
502.345591,254.6643669
460.0168973,221.9141583
499.2274209,206.769196
486.8680308,130.2740381
486.5283339,137.6574827
481.5865318,192.7389683
511.3000464,172.5826012
537.8099264,161.0868673
558.6612348,168.5607842
563.8590731,137.3219798
506.625735,150.2210922
465.9392148,122.3979107
452.2472424,143.1608438
418.4290817,119.6040035
365.38872,193.8902784
363.3566002,210.4478323
